Country,TotalRevenue
United Kingdom,9025222.084
Netherlands,285446.34
EIRE,283453.96
Germany,228867.14
France,209715.11000000002
Australia,138521.31
Spain,61577.11
Switzerland,57089.9
Belgium,41196.340000000004
Sweden,38378.33
